id,cluster_label,student_id,course,assignment
B2016_Z3/Z3_student4824,0,student4824,B2016,Z3/Z3
B2016_Z3/Z3_student9482,1,student9482,B2016,Z3/Z3
B2016_Z3/Z3_student3178,-1,student3178,B2016,Z3/Z3
B2016_Z3/Z3_student8993,2,student8993,B2016,Z3/Z3
B2016_Z3/Z3_student2925,3,student2925,B2016,Z3/Z3
B2016_Z3/Z3_student5904,1,student5904,B2016,Z3/Z3
B2016_Z3/Z3_student1237,3,student1237,B2016,Z3/Z3
B2016_Z3/Z3_student1579,1,student1579,B2016,Z3/Z3
B2016_Z3/Z3_student4415,1,student4415,B2016,Z3/Z3
B2016_Z3/Z3_student2886,4,student2886,B2016,Z3/Z3
B2016_Z3/Z3_student4575,1,student4575,B2016,Z3/Z3
B2016_Z3/Z3_student2676,1,student2676,B2016,Z3/Z3
B2016_Z3/Z3_student5496,1,student5496,B2016,Z3/Z3
B2016_Z3/Z3_student5441,3,student5441,B2016,Z3/Z3
B2016_Z3/Z3_student3756,1,student3756,B2016,Z3/Z3
B2016_Z3/Z3_student4011,1,student4011,B2016,Z3/Z3
B2016_Z3/Z3_student6613,2,student6613,B2016,Z3/Z3
B2016_Z3/Z3_student5468,1,student5468,B2016,Z3/Z3
B2016_Z3/Z3_student2111,5,student2111,B2016,Z3/Z3
B2016_Z3/Z3_student6363,1,student6363,B2016,Z3/Z3
B2016_Z3/Z3_student8428,1,student8428,B2016,Z3/Z3
B2016_Z3/Z3_student5695,3,student5695,B2016,Z3/Z3
B2016_Z3/Z3_student4414,6,student4414,B2016,Z3/Z3
B2016_Z3/Z3_student2717,3,student2717,B2016,Z3/Z3
B2016_Z3/Z3_student5078,1,student5078,B2016,Z3/Z3
B2016_Z3/Z3_student6571,1,student6571,B2016,Z3/Z3
B2016_Z3/Z3_student5939,3,student5939,B2016,Z3/Z3
B2016_Z3/Z3_student2267,1,student2267,B2016,Z3/Z3
B2016_Z3/Z3_student8986,7,student8986,B2016,Z3/Z3
B2016_Z3/Z3_student4602,1,student4602,B2016,Z3/Z3
B2016_Z3/Z3_student8776,1,student8776,B2016,Z3/Z3
B2016_Z3/Z3_student8004,1,student8004,B2016,Z3/Z3
B2016_Z3/Z3_student6029,1,student6029,B2016,Z3/Z3
B2016_Z3/Z3_student3186,1,student3186,B2016,Z3/Z3
B2016_Z3/Z3_student7492,5,student7492,B2016,Z3/Z3
B2016_Z3/Z3_student1793,1,student1793,B2016,Z3/Z3
B2016_Z3/Z3_student6956,1,student6956,B2016,Z3/Z3
B2016_Z3/Z3_student8774,1,student8774,B2016,Z3/Z3
B2016_Z3/Z3_student4628,1,student4628,B2016,Z3/Z3
B2016_Z3/Z3_student5536,1,student5536,B2016,Z3/Z3
B2016_Z3/Z3_student9318,8,student9318,B2016,Z3/Z3
B2016_Z3/Z3_student7335,1,student7335,B2016,Z3/Z3
B2016_Z3/Z3_student8006,1,student8006,B2016,Z3/Z3
B2016_Z3/Z3_student6995,1,student6995,B2016,Z3/Z3
B2016_Z3/Z3_student5244,1,student5244,B2016,Z3/Z3
B2016_Z3/Z3_student4614,1,student4614,B2016,Z3/Z3
B2016_Z3/Z3_student3386,7,student3386,B2016,Z3/Z3
B2016_Z3/Z3_student7123,1,student7123,B2016,Z3/Z3
B2016_Z3/Z3_student8576,1,student8576,B2016,Z3/Z3
B2016_Z3/Z3_student4416,1,student4416,B2016,Z3/Z3
B2016_Z3/Z3_student4370,3,student4370,B2016,Z3/Z3
B2016_Z3/Z3_student2701,1,student2701,B2016,Z3/Z3
B2016_Z3/Z3_student3594,3,student3594,B2016,Z3/Z3
B2016_Z3/Z3_student7080,1,student7080,B2016,Z3/Z3
B2016_Z3/Z3_student5867,3,student5867,B2016,Z3/Z3
B2016_Z3/Z3_student3557,1,student3557,B2016,Z3/Z3
B2016_Z3/Z3_student2675,1,student2675,B2016,Z3/Z3
B2016_Z3/Z3_student3219,2,student3219,B2016,Z3/Z3
B2016_Z3/Z3_student8199,3,student8199,B2016,Z3/Z3
B2016_Z3/Z3_student1624,3,student1624,B2016,Z3/Z3
B2016_Z3/Z3_student2477,1,student2477,B2016,Z3/Z3
B2016_Z3/Z3_student6604,1,student6604,B2016,Z3/Z3
B2016_Z3/Z3_student1180,5,student1180,B2016,Z3/Z3
B2016_Z3/Z3_student5899,3,student5899,B2016,Z3/Z3
B2016_Z3/Z3_student7678,9,student7678,B2016,Z3/Z3
B2016_Z3/Z3_student7888,5,student7888,B2016,Z3/Z3
B2016_Z3/Z3_student3350,3,student3350,B2016,Z3/Z3
B2016_Z3/Z3_student1547,1,student1547,B2016,Z3/Z3
B2016_Z3/Z3_student9325,10,student9325,B2016,Z3/Z3
B2016_Z3/Z3_student4167,1,student4167,B2016,Z3/Z3
B2016_Z3/Z3_student3634,3,student3634,B2016,Z3/Z3
B2016_Z3/Z3_student7320,1,student7320,B2016,Z3/Z3
B2016_Z3/Z3_student3807,0,student3807,B2016,Z3/Z3
B2016_Z3/Z3_student1976,1,student1976,B2016,Z3/Z3
B2016_Z3/Z3_student7485,3,student7485,B2016,Z3/Z3
B2016_Z3/Z3_student1966,1,student1966,B2016,Z3/Z3
B2016_Z3/Z3_student6953,2,student6953,B2016,Z3/Z3
B2016_Z3/Z3_student4163,1,student4163,B2016,Z3/Z3
B2016_Z3/Z3_student9447,1,student9447,B2016,Z3/Z3
B2016_Z3/Z3_student5533,2,student5533,B2016,Z3/Z3
B2016_Z3/Z3_student4639,1,student4639,B2016,Z3/Z3
B2016_Z3/Z3_student8598,1,student8598,B2016,Z3/Z3
B2016_Z3/Z3_student2704,1,student2704,B2016,Z3/Z3
B2016_Z3/Z3_student7085,7,student7085,B2016,Z3/Z3
B2016_Z3/Z3_student6364,0,student6364,B2016,Z3/Z3
B2016_Z3/Z3_student2664,1,student2664,B2016,Z3/Z3
B2016_Z3/Z3_student3546,1,student3546,B2016,Z3/Z3
B2016_Z3/Z3_student9296,1,student9296,B2016,Z3/Z3
B2016_Z3/Z3_student7293,1,student7293,B2016,Z3/Z3
B2016_Z3/Z3_student2472,2,student2472,B2016,Z3/Z3
B2016_Z3/Z3_student1146,1,student1146,B2016,Z3/Z3
B2016_Z3/Z3_student4770,0,student4770,B2016,Z3/Z3
B2016_Z3/Z3_student8638,3,student8638,B2016,Z3/Z3
B2016_Z3/Z3_student6198,1,student6198,B2016,Z3/Z3
B2016_Z3/Z3_student5122,1,student5122,B2016,Z3/Z3
B2016_Z3/Z3_student7735,3,student7735,B2016,Z3/Z3
B2016_Z3/Z3_student1422,1,student1422,B2016,Z3/Z3
B2016_Z3/Z3_student2117,3,student2117,B2016,Z3/Z3
B2016_Z3/Z3_student4599,11,student4599,B2016,Z3/Z3
B2016_Z3/Z3_student9095,1,student9095,B2016,Z3/Z3
B2016_Z3/Z3_student5863,0,student5863,B2016,Z3/Z3
B2016_Z3/Z3_student1542,7,student1542,B2016,Z3/Z3
B2016_Z3/Z3_student7655,3,student7655,B2016,Z3/Z3
B2016_Z3/Z3_student4412,7,student4412,B2016,Z3/Z3
B2016_Z3/Z3_student1581,3,student1581,B2016,Z3/Z3
B2016_Z3/Z3_student2922,5,student2922,B2016,Z3/Z3
B2016_Z3/Z3_student8599,1,student8599,B2016,Z3/Z3
B2016_Z3/Z3_student3631,1,student3631,B2016,Z3/Z3
B2016_Z3/Z3_student7457,3,student7457,B2016,Z3/Z3
B2016_Z3/Z3_student2513,1,student2513,B2016,Z3/Z3
B2016_Z3/Z3_student6007,1,student6007,B2016,Z3/Z3
B2016_Z3/Z3_student5268,3,student5268,B2016,Z3/Z3
B2016_Z3/Z3_student5297,2,student5297,B2016,Z3/Z3
B2016_Z3/Z3_student8957,1,student8957,B2016,Z3/Z3
B2016_Z3/Z3_student2908,3,student2908,B2016,Z3/Z3
B2016_Z3/Z3_student5915,1,student5915,B2016,Z3/Z3
B2016_Z3/Z3_student4389,1,student4389,B2016,Z3/Z3
B2016_Z3/Z3_student7119,1,student7119,B2016,Z3/Z3
B2016_Z3/Z3_student7125,1,student7125,B2016,Z3/Z3
B2016_Z3/Z3_student7643,12,student7643,B2016,Z3/Z3
B2016_Z3/Z3_student3425,3,student3425,B2016,Z3/Z3
B2016_Z3/Z3_student8389,2,student8389,B2016,Z3/Z3
B2016_Z3/Z3_student9097,1,student9097,B2016,Z3/Z3
B2016_Z3/Z3_student6824,1,student6824,B2016,Z3/Z3
B2016_Z3/Z3_student3790,1,student3790,B2016,Z3/Z3
B2016_Z3/Z3_student9524,1,student9524,B2016,Z3/Z3
B2016_Z3/Z3_student3009,1,student3009,B2016,Z3/Z3
B2016_Z3/Z3_student4766,1,student4766,B2016,Z3/Z3
B2016_Z3/Z3_student4982,3,student4982,B2016,Z3/Z3
B2016_Z3/Z3_student2464,1,student2464,B2016,Z3/Z3
B2016_Z3/Z3_student1192,3,student1192,B2016,Z3/Z3
B2016_Z3/Z3_student8363,2,student8363,B2016,Z3/Z3
B2016_Z3/Z3_student2896,1,student2896,B2016,Z3/Z3
B2016_Z3/Z3_student1390,1,student1390,B2016,Z3/Z3
B2016_Z3/Z3_student5860,3,student5860,B2016,Z3/Z3
B2016_Z3/Z3_student7911,9,student7911,B2016,Z3/Z3
B2016_Z3/Z3_student3424,1,student3424,B2016,Z3/Z3
B2016_Z3/Z3_student4377,1,student4377,B2016,Z3/Z3
B2016_Z3/Z3_student9451,1,student9451,B2016,Z3/Z3
B2016_Z3/Z3_student8029,5,student8029,B2016,Z3/Z3
B2016_Z3/Z3_student6010,1,student6010,B2016,Z3/Z3
B2016_Z3/Z3_student6776,1,student6776,B2016,Z3/Z3
B2016_Z3/Z3_student5581,7,student5581,B2016,Z3/Z3
B2016_Z3/Z3_student3872,1,student3872,B2016,Z3/Z3
B2016_Z3/Z3_student3133,3,student3133,B2016,Z3/Z3
B2016_Z3/Z3_student5542,1,student5542,B2016,Z3/Z3
B2016_Z3/Z3_student3899,1,student3899,B2016,Z3/Z3
B2016_Z3/Z3_student7341,1,student7341,B2016,Z3/Z3
B2016_Z3/Z3_student7180,3,student7180,B2016,Z3/Z3
B2016_Z3/Z3_student7802,1,student7802,B2016,Z3/Z3
B2016_Z3/Z3_student3331,0,student3331,B2016,Z3/Z3
B2016_Z3/Z3_student8264,3,student8264,B2016,Z3/Z3
B2016_Z3/Z3_student6507,1,student6507,B2016,Z3/Z3
B2016_Z3/Z3_student5185,1,student5185,B2016,Z3/Z3
B2016_Z3/Z3_student1446,3,student1446,B2016,Z3/Z3
B2016_Z3/Z3_student9998,5,student9998,B2016,Z3/Z3
B2016_Z3/Z3_student3047,7,student3047,B2016,Z3/Z3
B2016_Z3/Z3_student5378,3,student5378,B2016,Z3/Z3
B2016_Z3/Z3_student2371,1,student2371,B2016,Z3/Z3
B2016_Z3/Z3_student2364,1,student2364,B2016,Z3/Z3
B2016_Z3/Z3_student5345,2,student5345,B2016,Z3/Z3
B2016_Z3/Z3_student8846,1,student8846,B2016,Z3/Z3
B2016_Z3/Z3_student1453,3,student1453,B2016,Z3/Z3
B2016_Z3/Z3_student7977,3,student7977,B2016,Z3/Z3
B2016_Z3/Z3_student9972,5,student9972,B2016,Z3/Z3
B2016_Z3/Z3_student3442,10,student3442,B2016,Z3/Z3
B2016_Z3/Z3_student6248,1,student6248,B2016,Z3/Z3
B2016_Z3/Z3_student5741,1,student5741,B2016,Z3/Z3
B2016_Z3/Z3_student2953,13,student2953,B2016,Z3/Z3
B2016_Z3/Z3_student7368,5,student7368,B2016,Z3/Z3
B2016_Z3/Z3_student2210,1,student2210,B2016,Z3/Z3
B2016_Z3/Z3_student1725,3,student1725,B2016,Z3/Z3
B2016_Z3/Z3_student4852,4,student4852,B2016,Z3/Z3
B2016_Z3/Z3_student6706,3,student6706,B2016,Z3/Z3
B2016_Z3/Z3_student2574,1,student2574,B2016,Z3/Z3
B2016_Z3/Z3_student3483,1,student3483,B2016,Z3/Z3
B2016_Z3/Z3_student7197,3,student7197,B2016,Z3/Z3
B2016_Z3/Z3_student7791,0,student7791,B2016,Z3/Z3
B2016_Z3/Z3_student5804,3,student5804,B2016,Z3/Z3
B2016_Z3/Z3_student6458,3,student6458,B2016,Z3/Z3
B2016_Z3/Z3_student4273,5,student4273,B2016,Z3/Z3
B2016_Z3/Z3_student3736,1,student3736,B2016,Z3/Z3
B2016_Z3/Z3_student8139,7,student8139,B2016,Z3/Z3
B2016_Z3/Z3_student8886,1,student8886,B2016,Z3/Z3
B2016_Z3/Z3_student8110,1,student8110,B2016,Z3/Z3
B2016_Z3/Z3_student5420,3,student5420,B2016,Z3/Z3
B2016_Z3/Z3_student1120,3,student1120,B2016,Z3/Z3
B2016_Z3/Z3_student6303,1,student6303,B2016,Z3/Z3
B2016_Z3/Z3_student5636,1,student5636,B2016,Z3/Z3
B2016_Z3/Z3_student1336,1,student1336,B2016,Z3/Z3
B2016_Z3/Z3_student3535,1,student3535,B2016,Z3/Z3
B2016_Z3/Z3_student5805,1,student5805,B2016,Z3/Z3
B2016_Z3/Z3_student2830,1,student2830,B2016,Z3/Z3
B2016_Z3/Z3_student7948,1,student7948,B2016,Z3/Z3
B2016_Z3/Z3_student1518,3,student1518,B2016,Z3/Z3
B2016_Z3/Z3_student9352,1,student9352,B2016,Z3/Z3
B2016_Z3/Z3_student6707,1,student6707,B2016,Z3/Z3
B2016_Z3/Z3_student5226,3,student5226,B2016,Z3/Z3
B2016_Z3/Z3_student6049,1,student6049,B2016,Z3/Z3
B2016_Z3/Z3_student7425,1,student7425,B2016,Z3/Z3
B2016_Z3/Z3_student9385,1,student9385,B2016,Z3/Z3
B2016_Z3/Z3_student9391,1,student9391,B2016,Z3/Z3
B2016_Z3/Z3_student1915,3,student1915,B2016,Z3/Z3
B2016_Z3/Z3_student6924,1,student6924,B2016,Z3/Z3
B2016_Z3/Z3_student7421,3,student7421,B2016,Z3/Z3
B2016_Z3/Z3_student5236,3,student5236,B2016,Z3/Z3
B2016_Z3/Z3_student4128,1,student4128,B2016,Z3/Z3
B2016_Z3/Z3_student1044,3,student1044,B2016,Z3/Z3
B2016_Z3/Z3_student7810,1,student7810,B2016,Z3/Z3
B2016_Z3/Z3_student5961,14,student5961,B2016,Z3/Z3
B2016_Z3/Z3_student1534,1,student1534,B2016,Z3/Z3
B2016_Z3/Z3_student7970,3,student7970,B2016,Z3/Z3
B2016_Z3/Z3_student9949,2,student9949,B2016,Z3/Z3
B2016_Z3/Z3_student1483,3,student1483,B2016,Z3/Z3
B2016_Z3/Z3_student5829,1,student5829,B2016,Z3/Z3
B2016_Z3/Z3_student1468,1,student1468,B2016,Z3/Z3
B2016_Z3/Z3_student5140,15,student5140,B2016,Z3/Z3
B2016_Z3/Z3_student1326,3,student1326,B2016,Z3/Z3
B2016_Z3/Z3_student5154,1,student5154,B2016,Z3/Z3
B2016_Z3/Z3_student3900,1,student3900,B2016,Z3/Z3
B2016_Z3/Z3_student8100,1,student8100,B2016,Z3/Z3
B2016_Z3/Z3_student7540,0,student7540,B2016,Z3/Z3
B2016_Z3/Z3_student3732,0,student3732,B2016,Z3/Z3
B2016_Z3/Z3_student7597,7,student7597,B2016,Z3/Z3
B2016_Z3/Z3_student8854,1,student8854,B2016,Z3/Z3
B2016_Z3/Z3_student8317,3,student8317,B2016,Z3/Z3
B2016_Z3/Z3_student2148,1,student2148,B2016,Z3/Z3
B2016_Z3/Z3_student2160,1,student2160,B2016,Z3/Z3
B2016_Z3/Z3_student2821,1,student2821,B2016,Z3/Z3
B2016_Z3/Z3_student1482,3,student1482,B2016,Z3/Z3
B2016_Z3/Z3_student5800,1,student5800,B2016,Z3/Z3
B2016_Z3/Z3_student4471,8,student4471,B2016,Z3/Z3
B2016_Z3/Z3_student7193,2,student7193,B2016,Z3/Z3
B2016_Z3/Z3_student2941,2,student2941,B2016,Z3/Z3
B2016_Z3/Z3_student8288,1,student8288,B2016,Z3/Z3
B2016_Z3/Z3_student7346,1,student7346,B2016,Z3/Z3
B2016_Z3/Z3_student3108,1,student3108,B2016,Z3/Z3
B2016_Z3/Z3_student1938,1,student1938,B2016,Z3/Z3
B2016_Z3/Z3_student5592,11,student5592,B2016,Z3/Z3
B2016_Z3/Z3_student4659,1,student4659,B2016,Z3/Z3
B2016_Z3/Z3_student3136,3,student3136,B2016,Z3/Z3
B2016_Z3/Z3_student3485,3,student3485,B2016,Z3/Z3
B2016_Z3/Z3_student6516,2,student6516,B2016,Z3/Z3
B2016_Z3/Z3_student4473,1,student4473,B2016,Z3/Z3
B2016_Z3/Z3_student3320,1,student3320,B2016,Z3/Z3
B2016_Z3/Z3_student1494,1,student1494,B2016,Z3/Z3
B2016_Z3/Z3_student8329,1,student8329,B2016,Z3/Z3
B2016_Z3/Z3_student6462,1,student6462,B2016,Z3/Z3
B2016_Z3/Z3_student2406,3,student2406,B2016,Z3/Z3
B2016_Z3/Z3_student8665,8,student8665,B2016,Z3/Z3
B2016_Z3/Z3_student1132,1,student1132,B2016,Z3/Z3
B2016_Z3/Z3_student3719,1,student3719,B2016,Z3/Z3
B2016_Z3/Z3_student5397,3,student5397,B2016,Z3/Z3
B2016_Z3/Z3_student1324,1,student1324,B2016,Z3/Z3
B2016_Z3/Z3_student7755,1,student7755,B2016,Z3/Z3
B2016_Z3/Z3_student5624,2,student5624,B2016,Z3/Z3
B2016_Z3/Z3_student6259,6,student6259,B2016,Z3/Z3
B2016_Z3/Z3_student1522,1,student1522,B2016,Z3/Z3
B2016_Z3/Z3_student7153,1,student7153,B2016,Z3/Z3
B2016_Z3/Z3_student5744,1,student5744,B2016,Z3/Z3
B2016_Z3/Z3_student9624,8,student9624,B2016,Z3/Z3
B2016_Z3/Z3_student2956,1,student2956,B2016,Z3/Z3
B2016_Z3/Z3_student2567,1,student2567,B2016,Z3/Z3
B2016_Z3/Z3_student9340,1,student9340,B2016,Z3/Z3
B2016_Z3/Z3_student7386,1,student7386,B2016,Z3/Z3
B2016_Z3/Z3_student7392,-1,student7392,B2016,Z3/Z3
B2016_Z3/Z3_student8089,1,student8089,B2016,Z3/Z3
B2016_Z3/Z3_student8923,0,student8923,B2016,Z3/Z3
B2016_Z3/Z3_student4682,3,student4682,B2016,Z3/Z3
B2016_Z3/Z3_student2230,5,student2230,B2016,Z3/Z3
B2016_Z3/Z3_student2967,14,student2967,B2016,Z3/Z3
B2016_Z3/Z3_student7823,1,student7823,B2016,Z3/Z3
B2016_Z3/Z3_student7162,16,student7162,B2016,Z3/Z3
B2016_Z3/Z3_student9601,3,student9601,B2016,Z3/Z3
B2016_Z3/Z3_student7980,1,student7980,B2016,Z3/Z3
B2016_Z3/Z3_student1329,1,student1329,B2016,Z3/Z3
B2016_Z3/Z3_student3258,1,student3258,B2016,Z3/Z3
B2016_Z3/Z3_student8319,1,student8319,B2016,Z3/Z3
B2016_Z3/Z3_student2634,12,student2634,B2016,Z3/Z3
B2016_Z3/Z3_student6877,3,student6877,B2016,Z3/Z3
B2016_Z3/Z3_student8133,5,student8133,B2016,Z3/Z3
B2016_Z3/Z3_student1671,1,student1671,B2016,Z3/Z3
B2016_Z3/Z3_student5403,1,student5403,B2016,Z3/Z3
B2016_Z3/Z3_student2437,1,student2437,B2016,Z3/Z3
B2016_Z3/Z3_student5358,1,student5358,B2016,Z3/Z3
B2016_Z3/Z3_student2351,1,student2351,B2016,Z3/Z3
B2016_Z3/Z3_student9238,1,student9238,B2016,Z3/Z3
B2016_Z3/Z3_student5370,1,student5370,B2016,Z3/Z3
B2016_Z3/Z3_student3701,1,student3701,B2016,Z3/Z3
B2016_Z3/Z3_student9589,3,student9589,B2016,Z3/Z3
B2016_Z3/Z3_student6321,1,student6321,B2016,Z3/Z3
B2016_Z3/Z3_student1466,1,student1466,B2016,Z3/Z3
B2016_Z3/Z3_student5172,2,student5172,B2016,Z3/Z3
B2016_Z3/Z3_student6484,6,student6484,B2016,Z3/Z3
B2016_Z3/Z3_student2806,3,student2806,B2016,Z3/Z3
B2016_Z3/Z3_student2755,1,student2755,B2016,Z3/Z3
B2016_Z3/Z3_student6255,8,student6255,B2016,Z3/Z3
B2016_Z3/Z3_student4495,1,student4495,B2016,Z3/Z3
B2016_Z3/Z3_student1738,1,student1738,B2016,Z3/Z3
B2016_Z3/Z3_student9358,1,student9358,B2016,Z3/Z3
B2016_Z3/Z3_student5562,1,student5562,B2016,Z3/Z3
B2016_Z3/Z3_student8085,7,student8085,B2016,Z3/Z3
B2016_Z3/Z3_student4124,1,student4124,B2016,Z3/Z3
B2016_Z3/Z3_student5789,1,student5789,B2016,Z3/Z3
B2016_Z3/Z3_student7834,1,student7834,B2016,Z3/Z3
B2016_Z3/Z3_student3313,1,student3313,B2016,Z3/Z3
B2016_Z3/Z3_student9945,3,student9945,B2016,Z3/Z3
B2016_Z3/Z3_student7773,3,student7773,B2016,Z3/Z3
B2016_Z3/Z3_student1302,1,student1302,B2016,Z3/Z3
B2016_Z3/Z3_student3515,3,student3515,B2016,Z3/Z3
B2016_Z3/Z3_student7001,1,student7001,B2016,Z3/Z3
B2016_Z3/Z3_student5170,1,student5170,B2016,Z3/Z3
B2016_Z3/Z3_student6874,1,student6874,B2016,Z3/Z3
B2016_Z3/Z3_student6109,1,student6109,B2016,Z3/Z3
B2016_Z3/Z3_student3071,5,student3071,B2016,Z3/Z3
B2016_Z3/Z3_student3717,1,student3717,B2016,Z3/Z3
B2016_Z3/Z3_student5366,3,student5366,B2016,Z3/Z3
B2016_Z3/Z3_student8118,2,student8118,B2016,Z3/Z3
B2016_Z3/Z3_student2421,1,student2421,B2016,Z3/Z3
B2016_Z3/Z3_student6121,1,student6121,B2016,Z3/Z3
B2016_Z3/Z3_student4736,1,student4736,B2016,Z3/Z3
B2016_Z3/Z3_student9207,3,student9207,B2016,Z3/Z3
B2016_Z3/Z3_student8119,3,student8119,B2016,Z3/Z3
B2016_Z3/Z3_student3925,1,student3925,B2016,Z3/Z3
B2016_Z3/Z3_student8864,1,student8864,B2016,Z3/Z3
B2016_Z3/Z3_student4253,1,student4253,B2016,Z3/Z3
B2016_Z3/Z3_student1317,1,student1317,B2016,Z3/Z3
B2016_Z3/Z3_student1303,1,student1303,B2016,Z3/Z3
B2016_Z3/Z3_student1465,1,student1465,B2016,Z3/Z3
B2016_Z3/Z3_student5603,3,student5603,B2016,Z3/Z3
B2016_Z3/Z3_student5830,1,student5830,B2016,Z3/Z3
B2016_Z3/Z3_student4290,2,student4290,B2016,Z3/Z3
B2016_Z3/Z3_student8521,1,student8521,B2016,Z3/Z3
B2016_Z3/Z3_student1263,1,student1263,B2016,Z3/Z3
B2016_Z3/Z3_student3306,8,student3306,B2016,Z3/Z3
B2016_Z3/Z3_student4469,1,student4469,B2016,Z3/Z3
B2016_Z3/Z3_student2959,3,student2959,B2016,Z3/Z3
B2016_Z3/Z3_student2965,7,student2965,B2016,Z3/Z3
B2016_Z3/Z3_student2232,1,student2232,B2016,Z3/Z3
B2016_Z3/Z3_student6040,1,student6040,B2016,Z3/Z3
B2016_Z3/Z3_student7438,3,student7438,B2016,Z3/Z3
B2016_Z3/Z3_student8051,8,student8051,B2016,Z3/Z3
B2016_Z3/Z3_student3841,1,student3841,B2016,Z3/Z3
B2016_Z3/Z3_student9388,1,student9388,B2016,Z3/Z3
B2016_Z3/Z3_student8069,3,student8069,B2016,Z3/Z3
B2016_Z3/Z3_student4647,1,student4647,B2016,Z3/Z3
B2016_Z3/Z3_student3666,3,student3666,B2016,Z3/Z3
B2016_Z3/Z3_student8055,3,student8055,B2016,Z3/Z3
B2016_Z3/Z3_student2949,17,student2949,B2016,Z3/Z3
B2016_Z3/Z3_student6534,1,student6534,B2016,Z3/Z3
B2016_Z3/Z3_student5015,1,student5015,B2016,Z3/Z3
B2016_Z3/Z3_student7616,1,student7616,B2016,Z3/Z3
B2016_Z3/Z3_student4280,1,student4280,B2016,Z3/Z3
B2016_Z3/Z3_student5834,1,student5834,B2016,Z3/Z3
B2016_Z3/Z3_student6332,1,student6332,B2016,Z3/Z3
B2016_Z3/Z3_student1307,11,student1307,B2016,Z3/Z3
B2016_Z3/Z3_student6468,14,student6468,B2016,Z3/Z3
B2016_Z3/Z3_student1313,1,student1313,B2016,Z3/Z3
B2016_Z3/Z3_student9029,3,student9029,B2016,Z3/Z3
B2016_Z3/Z3_student8337,3,student8337,B2016,Z3/Z3
B2016_Z3/Z3_student4082,3,student4082,B2016,Z3/Z3
B2016_Z3/Z3_student8860,1,student8860,B2016,Z3/Z3
B2016_Z3/Z3_student6656,1,student6656,B2016,Z3/Z3
B2016_Z3/Z3_student1110,1,student1110,B2016,Z3/Z3
B2016_Z3/Z3_student1845,3,student1845,B2016,Z3/Z3
B2016_Z3/Z3_student8444,1,student8444,B2016,Z3/Z3
B2016_Z3/Z3_student2155,1,student2155,B2016,Z3/Z3
B2016_Z3/Z3_student8524,3,student8524,B2016,Z3/Z3
B2016_Z3/Z3_student1266,1,student1266,B2016,Z3/Z3
B2016_Z3/Z3_student7165,3,student7165,B2016,Z3/Z3
B2016_Z3/Z3_student8518,1,student8518,B2016,Z3/Z3
B2016_Z3/Z3_student9160,1,student9160,B2016,Z3/Z3
B2016_Z3/Z3_student9821,8,student9821,B2016,Z3/Z3
B2016_Z3/Z3_student8295,3,student8295,B2016,Z3/Z3
B2016_Z3/Z3_student7830,1,student7830,B2016,Z3/Z3
B2016_Z3/Z3_student3673,1,student3673,B2016,Z3/Z3
B2016_Z3/Z3_student9438,3,student9438,B2016,Z3/Z3
B2016_Z3/Z3_student4108,1,student4108,B2016,Z3/Z3
B2016_Z3/Z3_student7429,1,student7429,B2016,Z3/Z3
B2016_Z3/Z3_student6723,3,student6723,B2016,Z3/Z3
B2016_Z3/Z3_student2586,7,student2586,B2016,Z3/Z3
B2016_Z3/Z3_student3856,2,student3856,B2016,Z3/Z3
B2016_Z3/Z3_student4863,1,student4863,B2016,Z3/Z3
B2016_Z3/Z3_student2553,1,student2553,B2016,Z3/Z3
B2016_Z3/Z3_student6053,1,student6053,B2016,Z3/Z3
B2016_Z3/Z3_student4888,3,student4888,B2016,Z3/Z3
B2016_Z3/Z3_student2221,14,student2221,B2016,Z3/Z3
B2016_Z3/Z3_student2547,1,student2547,B2016,Z3/Z3
B2016_Z3/Z3_student8724,3,student8724,B2016,Z3/Z3
B2016_Z3/Z3_student1066,3,student1066,B2016,Z3/Z3
B2016_Z3/Z3_student3671,1,student3671,B2016,Z3/Z3
B2016_Z3/Z3_student5957,3,student5957,B2016,Z3/Z3
B2016_Z3/Z3_student9823,0,student9823,B2016,Z3/Z3
B2016_Z3/Z3_student3329,1,student3329,B2016,Z3/Z3
B2016_Z3/Z3_student4320,1,student4320,B2016,Z3/Z3
B2016_Z3/Z3_student7173,6,student7173,B2016,Z3/Z3
B2016_Z3/Z3_student1502,3,student1502,B2016,Z3/Z3
B2016_Z3/Z3_student3315,3,student3315,B2016,Z3/Z3
B2016_Z3/Z3_student8532,1,student8532,B2016,Z3/Z3
B2016_Z3/Z3_student5770,3,student5770,B2016,Z3/Z3
B2016_Z3/Z3_student3301,1,student3301,B2016,Z3/Z3
B2016_Z3/Z3_student7985,3,student7985,B2016,Z3/Z3
B2016_Z3/Z3_student4526,1,student4526,B2016,Z3/Z3
B2016_Z3/Z3_student2157,3,student2157,B2016,Z3/Z3
B2016_Z3/Z3_student1476,1,student1476,B2016,Z3/Z3
B2016_Z3/Z3_student5162,1,student5162,B2016,Z3/Z3
B2016_Z3/Z3_student4095,1,student4095,B2016,Z3/Z3
B2016_Z3/Z3_student8863,3,student8863,B2016,Z3/Z3
B2016_Z3/Z3_student4903,1,student4903,B2016,Z3/Z3
B2016_Z3/Z3_student5412,1,student5412,B2016,Z3/Z3
B2016_Z3/Z3_student3711,16,student3711,B2016,Z3/Z3
B2016_Z3/Z3_student5413,1,student5413,B2016,Z3/Z3
B2016_Z3/Z3_student4043,1,student4043,B2016,Z3/Z3
B2016_Z3/Z3_student4057,1,student4057,B2016,Z3/Z3
B2016_Z3/Z3_student2340,1,student2340,B2016,Z3/Z3
B2016_Z3/Z3_student1649,1,student1649,B2016,Z3/Z3
B2016_Z3/Z3_student1891,3,student1891,B2016,Z3/Z3
B2016_Z3/Z3_student7589,0,student7589,B2016,Z3/Z3
B2016_Z3/Z3_student7774,1,student7774,B2016,Z3/Z3
B2016_Z3/Z3_student1477,1,student1477,B2016,Z3/Z3
B2016_Z3/Z3_student2142,14,student2142,B2016,Z3/Z3
B2016_Z3/Z3_student4296,14,student4296,B2016,Z3/Z3
B2016_Z3/Z3_student5771,-1,student5771,B2016,Z3/Z3
B2016_Z3/Z3_student5573,1,student5573,B2016,Z3/Z3
B2016_Z3/Z3_student8043,3,student8043,B2016,Z3/Z3
B2016_Z3/Z3_student3116,3,student3116,B2016,Z3/Z3
B2016_Z3/Z3_student6720,3,student6720,B2016,Z3/Z3
B2016_Z3/Z3_student2234,3,student2234,B2016,Z3/Z3
B2016_Z3/Z3_student6913,3,student6913,B2016,Z3/Z3
B2016_Z3/Z3_student2585,1,student2585,B2016,Z3/Z3
B2016_Z3/Z3_student6790,3,student6790,B2016,Z3/Z3
B2016_Z3/Z3_student3171,1,student3171,B2016,Z3/Z3
B2016_Z3/Z3_student3165,1,student3165,B2016,Z3/Z3
B2016_Z3/Z3_student1772,3,student1772,B2016,Z3/Z3
B2016_Z3/Z3_student2247,1,student2247,B2016,Z3/Z3
B2016_Z3/Z3_student4150,13,student4150,B2016,Z3/Z3
B2016_Z3/Z3_student2086,1,student2086,B2016,Z3/Z3
B2016_Z3/Z3_student1202,13,student1202,B2016,Z3/Z3
B2016_Z3/Z3_student8540,1,student8540,B2016,Z3/Z3
B2016_Z3/Z3_student9676,3,student9676,B2016,Z3/Z3
B2016_Z3/Z3_student9931,18,student9931,B2016,Z3/Z3
B2016_Z3/Z3_student6419,1,student6419,B2016,Z3/Z3
B2016_Z3/Z3_student7713,3,student7713,B2016,Z3/Z3
B2016_Z3/Z3_student4554,1,student4554,B2016,Z3/Z3
B2016_Z3/Z3_student9716,1,student9716,B2016,Z3/Z3
B2016_Z3/Z3_student6357,13,student6357,B2016,Z3/Z3
B2016_Z3/Z3_student3978,1,student3978,B2016,Z3/Z3
B2016_Z3/Z3_student4959,3,student4959,B2016,Z3/Z3
B2016_Z3/Z3_student9272,0,student9272,B2016,Z3/Z3
B2016_Z3/Z3_student3776,3,student3776,B2016,Z3/Z3
B2016_Z3/Z3_student5475,5,student5475,B2016,Z3/Z3
B2016_Z3/Z3_student4780,13,student4780,B2016,Z3/Z3
B2016_Z3/Z3_student9071,1,student9071,B2016,Z3/Z3
B2016_Z3/Z3_student3206,1,student3206,B2016,Z3/Z3
B2016_Z3/Z3_student9924,15,student9924,B2016,Z3/Z3
B2016_Z3/Z3_student6550,3,student6550,B2016,Z3/Z3
B2016_Z3/Z3_student2736,3,student2736,B2016,Z3/Z3
B2016_Z3/Z3_student1571,8,student1571,B2016,Z3/Z3
B2016_Z3/Z3_student2939,1,student2939,B2016,Z3/Z3
B2016_Z3/Z3_student5529,1,student5529,B2016,Z3/Z3
B2016_Z3/Z3_student1029,1,student1029,B2016,Z3/Z3
B2016_Z3/Z3_student2508,1,student2508,B2016,Z3/Z3
B2016_Z3/Z3_student8025,1,student8025,B2016,Z3/Z3
B2016_Z3/Z3_student6008,1,student6008,B2016,Z3/Z3
B2016_Z3/Z3_student4192,1,student4192,B2016,Z3/Z3
B2016_Z3/Z3_student8964,19,student8964,B2016,Z3/Z3
B2016_Z3/Z3_student8794,2,student8794,B2016,Z3/Z3
B2016_Z3/Z3_student3819,1,student3819,B2016,Z3/Z3
B2016_Z3/Z3_student8780,1,student8780,B2016,Z3/Z3
B2016_Z3/Z3_student4804,1,student4804,B2016,Z3/Z3
B2016_Z3/Z3_student4806,2,student4806,B2016,Z3/Z3
B2016_Z3/Z3_student6787,1,student6787,B2016,Z3/Z3
B2016_Z3/Z3_student8755,-1,student8755,B2016,Z3/Z3
B2016_Z3/Z3_student1981,1,student1981,B2016,Z3/Z3
B2016_Z3/Z3_student9463,3,student9463,B2016,Z3/Z3
B2016_Z3/Z3_student8580,0,student8580,B2016,Z3/Z3
B2016_Z3/Z3_student7857,3,student7857,B2016,Z3/Z3
B2016_Z3/Z3_student3402,2,student3402,B2016,Z3/Z3
B2016_Z3/Z3_student1375,1,student1375,B2016,Z3/Z3
B2016_Z3/Z3_student2126,3,student2126,B2016,Z3/Z3
B2016_Z3/Z3_student1639,1,student1639,B2016,Z3/Z3
B2016_Z3/Z3_student6631,1,student6631,B2016,Z3/Z3
B2016_Z3/Z3_student4026,8,student4026,B2016,Z3/Z3
B2016_Z3/Z3_student7249,2,student7249,B2016,Z3/Z3
B2016_Z3/Z3_student8152,0,student8152,B2016,Z3/Z3
B2016_Z3/Z3_student7507,1,student7507,B2016,Z3/Z3
B2016_Z3/Z3_student5304,3,student5304,B2016,Z3/Z3
B2016_Z3/Z3_student4973,19,student4973,B2016,Z3/Z3
B2016_Z3/Z3_student8387,2,student8387,B2016,Z3/Z3
B2016_Z3/Z3_student6547,3,student6547,B2016,Z3/Z3
B2016_Z3/Z3_student7671,3,student7671,B2016,Z3/Z3
B2016_Z3/Z3_student8224,1,student8224,B2016,Z3/Z3
B2016_Z3/Z3_student7665,17,student7665,B2016,Z3/Z3
B2016_Z3/Z3_student1758,2,student1758,B2016,Z3/Z3
B2016_Z3/Z3_student9476,3,student9476,B2016,Z3/Z3
B2016_Z3/Z3_student1016,1,student1016,B2016,Z3/Z3
B2016_Z3/Z3_student1943,1,student1943,B2016,Z3/Z3
B2016_Z3/Z3_student4185,-1,student4185,B2016,Z3/Z3
B2016_Z3/Z3_student8797,1,student8797,B2016,Z3/Z3
B2016_Z3/Z3_student4195,1,student4195,B2016,Z3/Z3
B2016_Z3/Z3_student6999,5,student6999,B2016,Z3/Z3
B2016_Z3/Z3_student2080,3,student2080,B2016,Z3/Z3
B2016_Z3/Z3_student7891,2,student7891,B2016,Z3/Z3
B2016_Z3/Z3_student8552,1,student8552,B2016,Z3/Z3
B2016_Z3/Z3_student9923,1,student9923,B2016,Z3/Z3
B2016_Z3/Z3_student2645,18,student2645,B2016,Z3/Z3
B2016_Z3/Z3_student1364,5,student1364,B2016,Z3/Z3
B2016_Z3/Z3_student3567,1,student3567,B2016,Z3/Z3
B2016_Z3/Z3_student6184,2,student6184,B2016,Z3/Z3
B2016_Z3/Z3_student1833,2,student1833,B2016,Z3/Z3
B2016_Z3/Z3_student2335,2,student2335,B2016,Z3/Z3
B2016_Z3/Z3_student4036,5,student4036,B2016,Z3/Z3
B2016_Z3/Z3_student3759,3,student3759,B2016,Z3/Z3
B2016_Z3/Z3_student2447,3,student2447,B2016,Z3/Z3
B2016_Z3/Z3_student8631,1,student8631,B2016,Z3/Z3
B2016_Z3/Z3_student7258,1,student7258,B2016,Z3/Z3
B2016_Z3/Z3_student6634,1,student6634,B2016,Z3/Z3
B2016_Z3/Z3_student3572,3,student3572,B2016,Z3/Z3
B2016_Z3/Z3_student2888,1,student2888,B2016,Z3/Z3
B2016_Z3/Z3_student5881,7,student5881,B2016,Z3/Z3
B2016_Z3/Z3_student5842,1,student5842,B2016,Z3/Z3
B2016_Z3/Z3_student8209,1,student8209,B2016,Z3/Z3
B2016_Z3/Z3_student3610,3,student3610,B2016,Z3/Z3
B2016_Z3/Z3_student5261,3,student5261,B2016,Z3/Z3
B2016_Z3/Z3_student1013,3,student1013,B2016,Z3/Z3
B2016_Z3/Z3_student2254,1,student2254,B2016,Z3/Z3
B2016_Z3/Z3_student9315,1,student9315,B2016,Z3/Z3
B2016_Z3/Z3_student2526,7,student2526,B2016,Z3/Z3
B2016_Z3/Z3_student6973,1,student6973,B2016,Z3/Z3
B2016_Z3/Z3_student8786,1,student8786,B2016,Z3/Z3
B2016_Z3/Z3_student5263,1,student5263,B2016,Z3/Z3
B2016_Z3/Z3_student8747,1,student8747,B2016,Z3/Z3
B2016_Z3/Z3_student8753,2,student8753,B2016,Z3/Z3
B2016_Z3/Z3_student4425,1,student4425,B2016,Z3/Z3
B2016_Z3/Z3_student9673,5,student9673,B2016,Z3/Z3
B2016_Z3/Z3_student3410,1,student3410,B2016,Z3/Z3
B2016_Z3/Z3_student2068,1,student2068,B2016,Z3/Z3
B2016_Z3/Z3_student9129,1,student9129,B2016,Z3/Z3
B2016_Z3/Z3_student5713,8,student5713,B2016,Z3/Z3
B2016_Z3/Z3_student9897,1,student9897,B2016,Z3/Z3
B2016_Z3/Z3_student5129,3,student5129,B2016,Z3/Z3
B2016_Z3/Z3_student4237,1,student4237,B2016,Z3/Z3
B2016_Z3/Z3_student5897,1,student5897,B2016,Z3/Z3
B2016_Z3/Z3_student8419,1,student8419,B2016,Z3/Z3
B2016_Z3/Z3_student2652,3,student2652,B2016,Z3/Z3
B2016_Z3/Z3_student5673,3,student5673,B2016,Z3/Z3
B2016_Z3/Z3_student8357,0,student8357,B2016,Z3/Z3
B2016_Z3/Z3_student5667,3,student5667,B2016,Z3/Z3
B2016_Z3/Z3_student2478,1,student2478,B2016,Z3/Z3
B2016_Z3/Z3_student9538,1,student9538,B2016,Z3/Z3
B2016_Z3/Z3_student5470,1,student5470,B2016,Z3/Z3
B2016_Z3/Z3_student1616,3,student1616,B2016,Z3/Z3
B2016_Z3/Z3_student6151,1,student6151,B2016,Z3/Z3
B2016_Z3/Z3_student4949,1,student4949,B2016,Z3/Z3
B2016_Z3/Z3_student2486,1,student2486,B2016,Z3/Z3
B2016_Z3/Z3_student3217,3,student3217,B2016,Z3/Z3
B2016_Z3/Z3_student8430,16,student8430,B2016,Z3/Z3
B2016_Z3/Z3_student6353,2,student6353,B2016,Z3/Z3
B2016_Z3/Z3_student9935,1,student9935,B2016,Z3/Z3
B2016_Z3/Z3_student4587,1,student4587,B2016,Z3/Z3
B2016_Z3/Z3_student3411,-1,student3411,B2016,Z3/Z3
B2016_Z3/Z3_student6227,3,student6227,B2016,Z3/Z3
B2016_Z3/Z3_student4430,3,student4430,B2016,Z3/Z3
B2016_Z3/Z3_student1776,3,student1776,B2016,Z3/Z3
B2016_Z3/Z3_student3175,1,student3175,B2016,Z3/Z3
B2016_Z3/Z3_student9458,3,student9458,B2016,Z3/Z3
B2016_Z3/Z3_student9464,1,student9464,B2016,Z3/Z3
B2016_Z3/Z4_student4824,6,student4824,B2016,Z3/Z4
B2016_Z3/Z4_student9482,3,student9482,B2016,Z3/Z4
B2016_Z3/Z4_student3178,20,student3178,B2016,Z3/Z4
B2016_Z3/Z4_student8993,6,student8993,B2016,Z3/Z4
B2016_Z3/Z4_student5904,3,student5904,B2016,Z3/Z4
B2016_Z3/Z4_student1237,-1,student1237,B2016,Z3/Z4
B2016_Z3/Z4_student1579,3,student1579,B2016,Z3/Z4
B2016_Z3/Z4_student4415,6,student4415,B2016,Z3/Z4
B2016_Z3/Z4_student2886,3,student2886,B2016,Z3/Z4
B2016_Z3/Z4_student4575,3,student4575,B2016,Z3/Z4
B2016_Z3/Z4_student2676,3,student2676,B2016,Z3/Z4
B2016_Z3/Z4_student5496,3,student5496,B2016,Z3/Z4
B2016_Z3/Z4_student5441,3,student5441,B2016,Z3/Z4
B2016_Z3/Z4_student3756,3,student3756,B2016,Z3/Z4
B2016_Z3/Z4_student4011,6,student4011,B2016,Z3/Z4
B2016_Z3/Z4_student6613,6,student6613,B2016,Z3/Z4
B2016_Z3/Z4_student5468,3,student5468,B2016,Z3/Z4
B2016_Z3/Z4_student2111,6,student2111,B2016,Z3/Z4
B2016_Z3/Z4_student6363,13,student6363,B2016,Z3/Z4
B2016_Z3/Z4_student8428,6,student8428,B2016,Z3/Z4
B2016_Z3/Z4_student5695,3,student5695,B2016,Z3/Z4
B2016_Z3/Z4_student4414,3,student4414,B2016,Z3/Z4
B2016_Z3/Z4_student5078,6,student5078,B2016,Z3/Z4
B2016_Z3/Z4_student6571,3,student6571,B2016,Z3/Z4
B2016_Z3/Z4_student3421,3,student3421,B2016,Z3/Z4
B2016_Z3/Z4_student8560,3,student8560,B2016,Z3/Z4
B2016_Z3/Z4_student5939,6,student5939,B2016,Z3/Z4
B2016_Z3/Z4_student2267,21,student2267,B2016,Z3/Z4
B2016_Z3/Z4_student8986,1,student8986,B2016,Z3/Z4
B2016_Z3/Z4_student4602,6,student4602,B2016,Z3/Z4
B2016_Z3/Z4_student8776,6,student8776,B2016,Z3/Z4
B2016_Z3/Z4_student8004,6,student8004,B2016,Z3/Z4
B2016_Z3/Z4_student6029,6,student6029,B2016,Z3/Z4
B2016_Z3/Z4_student3186,6,student3186,B2016,Z3/Z4
B2016_Z3/Z4_student7492,6,student7492,B2016,Z3/Z4
B2016_Z3/Z4_student1793,3,student1793,B2016,Z3/Z4
B2016_Z3/Z4_student6956,3,student6956,B2016,Z3/Z4
B2016_Z3/Z4_student4628,20,student4628,B2016,Z3/Z4
B2016_Z3/Z4_student5536,3,student5536,B2016,Z3/Z4
B2016_Z3/Z4_student9318,6,student9318,B2016,Z3/Z4
B2016_Z3/Z4_student7335,6,student7335,B2016,Z3/Z4
B2016_Z3/Z4_student8006,3,student8006,B2016,Z3/Z4
B2016_Z3/Z4_student6995,22,student6995,B2016,Z3/Z4
B2016_Z3/Z4_student5244,6,student5244,B2016,Z3/Z4
B2016_Z3/Z4_student4614,3,student4614,B2016,Z3/Z4
B2016_Z3/Z4_student3386,23,student3386,B2016,Z3/Z4
B2016_Z3/Z4_student7123,6,student7123,B2016,Z3/Z4
B2016_Z3/Z4_student8576,6,student8576,B2016,Z3/Z4
B2016_Z3/Z4_student4416,6,student4416,B2016,Z3/Z4
B2016_Z3/Z4_student4370,6,student4370,B2016,Z3/Z4
B2016_Z3/Z4_student2701,24,student2701,B2016,Z3/Z4
B2016_Z3/Z4_student3594,6,student3594,B2016,Z3/Z4
B2016_Z3/Z4_student7080,3,student7080,B2016,Z3/Z4
B2016_Z3/Z4_student5867,6,student5867,B2016,Z3/Z4
B2016_Z3/Z4_student3557,6,student3557,B2016,Z3/Z4
B2016_Z3/Z4_student2675,3,student2675,B2016,Z3/Z4
B2016_Z3/Z4_student3219,3,student3219,B2016,Z3/Z4
B2016_Z3/Z4_student6822,6,student6822,B2016,Z3/Z4
B2016_Z3/Z4_student8199,3,student8199,B2016,Z3/Z4
B2016_Z3/Z4_student1624,3,student1624,B2016,Z3/Z4
B2016_Z3/Z4_student2477,6,student2477,B2016,Z3/Z4
B2016_Z3/Z4_student6604,3,student6604,B2016,Z3/Z4
B2016_Z3/Z4_student1180,6,student1180,B2016,Z3/Z4
B2016_Z3/Z4_student5899,25,student5899,B2016,Z3/Z4
B2016_Z3/Z4_student7678,3,student7678,B2016,Z3/Z4
B2016_Z3/Z4_student7888,3,student7888,B2016,Z3/Z4
B2016_Z3/Z4_student3350,6,student3350,B2016,Z3/Z4
B2016_Z3/Z4_student1547,6,student1547,B2016,Z3/Z4
B2016_Z3/Z4_student9325,6,student9325,B2016,Z3/Z4
B2016_Z3/Z4_student9443,3,student9443,B2016,Z3/Z4
B2016_Z3/Z4_student4167,26,student4167,B2016,Z3/Z4
B2016_Z3/Z4_student3634,3,student3634,B2016,Z3/Z4
B2016_Z3/Z4_student7320,25,student7320,B2016,Z3/Z4
B2016_Z3/Z4_student3807,6,student3807,B2016,Z3/Z4
B2016_Z3/Z4_student1976,20,student1976,B2016,Z3/Z4
B2016_Z3/Z4_student7485,3,student7485,B2016,Z3/Z4
B2016_Z3/Z4_student1966,6,student1966,B2016,Z3/Z4
B2016_Z3/Z4_student6953,3,student6953,B2016,Z3/Z4
B2016_Z3/Z4_student4163,6,student4163,B2016,Z3/Z4
B2016_Z3/Z4_student9447,3,student9447,B2016,Z3/Z4
B2016_Z3/Z4_student5533,6,student5533,B2016,Z3/Z4
B2016_Z3/Z4_student4639,6,student4639,B2016,Z3/Z4
B2016_Z3/Z4_student8598,3,student8598,B2016,Z3/Z4
B2016_Z3/Z4_student3383,3,student3383,B2016,Z3/Z4
B2016_Z3/Z4_student7085,-1,student7085,B2016,Z3/Z4
B2016_Z3/Z4_student6364,1,student6364,B2016,Z3/Z4
B2016_Z3/Z4_student2664,27,student2664,B2016,Z3/Z4
B2016_Z3/Z4_student3546,6,student3546,B2016,Z3/Z4
B2016_Z3/Z4_student9296,6,student9296,B2016,Z3/Z4
B2016_Z3/Z4_student7293,3,student7293,B2016,Z3/Z4
B2016_Z3/Z4_student2472,6,student2472,B2016,Z3/Z4
B2016_Z3/Z4_student1146,6,student1146,B2016,Z3/Z4
B2016_Z3/Z4_student4770,1,student4770,B2016,Z3/Z4
B2016_Z3/Z4_student8638,6,student8638,B2016,Z3/Z4
B2016_Z3/Z4_student6198,6,student6198,B2016,Z3/Z4
B2016_Z3/Z4_student5122,3,student5122,B2016,Z3/Z4
B2016_Z3/Z4_student7735,6,student7735,B2016,Z3/Z4
B2016_Z3/Z4_student1422,-1,student1422,B2016,Z3/Z4
B2016_Z3/Z4_student2117,3,student2117,B2016,Z3/Z4
B2016_Z3/Z4_student4599,21,student4599,B2016,Z3/Z4
B2016_Z3/Z4_student5863,20,student5863,B2016,Z3/Z4
B2016_Z3/Z4_student1542,3,student1542,B2016,Z3/Z4
B2016_Z3/Z4_student7655,3,student7655,B2016,Z3/Z4
B2016_Z3/Z4_student4412,3,student4412,B2016,Z3/Z4
B2016_Z3/Z4_student1581,28,student1581,B2016,Z3/Z4
B2016_Z3/Z4_student2922,6,student2922,B2016,Z3/Z4
B2016_Z3/Z4_student8599,6,student8599,B2016,Z3/Z4
B2016_Z3/Z4_student3631,24,student3631,B2016,Z3/Z4
B2016_Z3/Z4_student7457,6,student7457,B2016,Z3/Z4
B2016_Z3/Z4_student2513,6,student2513,B2016,Z3/Z4
B2016_Z3/Z4_student6007,29,student6007,B2016,Z3/Z4
B2016_Z3/Z4_student5268,3,student5268,B2016,Z3/Z4
B2016_Z3/Z4_student5297,6,student5297,B2016,Z3/Z4
B2016_Z3/Z4_student8957,6,student8957,B2016,Z3/Z4
B2016_Z3/Z4_student2908,6,student2908,B2016,Z3/Z4
B2016_Z3/Z4_student5915,3,student5915,B2016,Z3/Z4
B2016_Z3/Z4_student4389,6,student4389,B2016,Z3/Z4
B2016_Z3/Z4_student7119,3,student7119,B2016,Z3/Z4
B2016_Z3/Z4_student7125,6,student7125,B2016,Z3/Z4
B2016_Z3/Z4_student7643,3,student7643,B2016,Z3/Z4
B2016_Z3/Z4_student3425,3,student3425,B2016,Z3/Z4
B2016_Z3/Z4_student8389,6,student8389,B2016,Z3/Z4
B2016_Z3/Z4_student9097,3,student9097,B2016,Z3/Z4
B2016_Z3/Z4_student2667,3,student2667,B2016,Z3/Z4
B2016_Z3/Z4_student6824,3,student6824,B2016,Z3/Z4
B2016_Z3/Z4_student3790,6,student3790,B2016,Z3/Z4
B2016_Z3/Z4_student9524,6,student9524,B2016,Z3/Z4
B2016_Z3/Z4_student3009,6,student3009,B2016,Z3/Z4
B2016_Z3/Z4_student4766,30,student4766,B2016,Z3/Z4
B2016_Z3/Z4_student2464,3,student2464,B2016,Z3/Z4
B2016_Z3/Z4_student1192,3,student1192,B2016,Z3/Z4
B2016_Z3/Z4_student8363,6,student8363,B2016,Z3/Z4
B2016_Z3/Z4_student2896,6,student2896,B2016,Z3/Z4
B2016_Z3/Z4_student1390,3,student1390,B2016,Z3/Z4
B2016_Z3/Z4_student7911,3,student7911,B2016,Z3/Z4
B2016_Z3/Z4_student3424,20,student3424,B2016,Z3/Z4
B2016_Z3/Z4_student4377,20,student4377,B2016,Z3/Z4
B2016_Z3/Z4_student9451,6,student9451,B2016,Z3/Z4
B2016_Z3/Z4_student8029,6,student8029,B2016,Z3/Z4
B2016_Z3/Z4_student6010,6,student6010,B2016,Z3/Z4
B2016_Z3/Z4_student6776,3,student6776,B2016,Z3/Z4
B2016_Z3/Z4_student5581,20,student5581,B2016,Z3/Z4
B2016_Z3/Z4_student3872,6,student3872,B2016,Z3/Z4
B2016_Z3/Z4_student3133,3,student3133,B2016,Z3/Z4
B2016_Z3/Z4_student5542,3,student5542,B2016,Z3/Z4
B2016_Z3/Z4_student3899,6,student3899,B2016,Z3/Z4
B2016_Z3/Z4_student7341,-1,student7341,B2016,Z3/Z4
B2016_Z3/Z4_student7180,6,student7180,B2016,Z3/Z4
B2016_Z3/Z4_student7802,6,student7802,B2016,Z3/Z4
B2016_Z3/Z4_student3331,20,student3331,B2016,Z3/Z4
B2016_Z3/Z4_student8264,6,student8264,B2016,Z3/Z4
B2016_Z3/Z4_student6507,6,student6507,B2016,Z3/Z4
B2016_Z3/Z4_student5185,6,student5185,B2016,Z3/Z4
B2016_Z3/Z4_student9998,6,student9998,B2016,Z3/Z4
B2016_Z3/Z4_student3047,31,student3047,B2016,Z3/Z4
B2016_Z3/Z4_student5378,3,student5378,B2016,Z3/Z4
B2016_Z3/Z4_student2371,6,student2371,B2016,Z3/Z4
B2016_Z3/Z4_student2364,1,student2364,B2016,Z3/Z4
B2016_Z3/Z4_student9557,3,student9557,B2016,Z3/Z4
B2016_Z3/Z4_student5345,6,student5345,B2016,Z3/Z4
B2016_Z3/Z4_student8846,3,student8846,B2016,Z3/Z4
B2016_Z3/Z4_student1453,6,student1453,B2016,Z3/Z4
B2016_Z3/Z4_student7977,3,student7977,B2016,Z3/Z4
B2016_Z3/Z4_student9972,6,student9972,B2016,Z3/Z4
B2016_Z3/Z4_student3442,6,student3442,B2016,Z3/Z4
B2016_Z3/Z4_student6248,6,student6248,B2016,Z3/Z4
B2016_Z3/Z4_student5741,-1,student5741,B2016,Z3/Z4
B2016_Z3/Z4_student2953,13,student2953,B2016,Z3/Z4
B2016_Z3/Z4_student7368,6,student7368,B2016,Z3/Z4
B2016_Z3/Z4_student2210,3,student2210,B2016,Z3/Z4
B2016_Z3/Z4_student1725,3,student1725,B2016,Z3/Z4
B2016_Z3/Z4_student4852,3,student4852,B2016,Z3/Z4
B2016_Z3/Z4_student4878,6,student4878,B2016,Z3/Z4
B2016_Z3/Z4_student6706,27,student6706,B2016,Z3/Z4
B2016_Z3/Z4_student2574,6,student2574,B2016,Z3/Z4
B2016_Z3/Z4_student3483,3,student3483,B2016,Z3/Z4
B2016_Z3/Z4_student7197,3,student7197,B2016,Z3/Z4
B2016_Z3/Z4_student7791,6,student7791,B2016,Z3/Z4
B2016_Z3/Z4_student6458,1,student6458,B2016,Z3/Z4
B2016_Z3/Z4_student4273,6,student4273,B2016,Z3/Z4
B2016_Z3/Z4_student3736,6,student3736,B2016,Z3/Z4
B2016_Z3/Z4_student8139,6,student8139,B2016,Z3/Z4
B2016_Z3/Z4_student8886,6,student8886,B2016,Z3/Z4
B2016_Z3/Z4_student8110,3,student8110,B2016,Z3/Z4
B2016_Z3/Z4_student5420,3,student5420,B2016,Z3/Z4
B2016_Z3/Z4_student1120,3,student1120,B2016,Z3/Z4
B2016_Z3/Z4_student6303,6,student6303,B2016,Z3/Z4
B2016_Z3/Z4_student5636,3,student5636,B2016,Z3/Z4
B2016_Z3/Z4_student1336,6,student1336,B2016,Z3/Z4
B2016_Z3/Z4_student3535,20,student3535,B2016,Z3/Z4
B2016_Z3/Z4_student5805,3,student5805,B2016,Z3/Z4
B2016_Z3/Z4_student2830,3,student2830,B2016,Z3/Z4
B2016_Z3/Z4_student7948,6,student7948,B2016,Z3/Z4
B2016_Z3/Z4_student1518,6,student1518,B2016,Z3/Z4
B2016_Z3/Z4_student3119,30,student3119,B2016,Z3/Z4
B2016_Z3/Z4_student9352,6,student9352,B2016,Z3/Z4
B2016_Z3/Z4_student6707,13,student6707,B2016,Z3/Z4
B2016_Z3/Z4_student5226,3,student5226,B2016,Z3/Z4
B2016_Z3/Z4_student7425,6,student7425,B2016,Z3/Z4
B2016_Z3/Z4_student9385,6,student9385,B2016,Z3/Z4
B2016_Z3/Z4_student9391,6,student9391,B2016,Z3/Z4
B2016_Z3/Z4_student1915,3,student1915,B2016,Z3/Z4
B2016_Z3/Z4_student6924,6,student6924,B2016,Z3/Z4
B2016_Z3/Z4_student7421,3,student7421,B2016,Z3/Z4
B2016_Z3/Z4_student5236,3,student5236,B2016,Z3/Z4
B2016_Z3/Z4_student4128,3,student4128,B2016,Z3/Z4
B2016_Z3/Z4_student1044,3,student1044,B2016,Z3/Z4
B2016_Z3/Z4_student7810,6,student7810,B2016,Z3/Z4
B2016_Z3/Z4_student5961,6,student5961,B2016,Z3/Z4
B2016_Z3/Z4_student7970,6,student7970,B2016,Z3/Z4
B2016_Z3/Z4_student9949,3,student9949,B2016,Z3/Z4
B2016_Z3/Z4_student1483,6,student1483,B2016,Z3/Z4
B2016_Z3/Z4_student5829,6,student5829,B2016,Z3/Z4
B2016_Z3/Z4_student1468,3,student1468,B2016,Z3/Z4
B2016_Z3/Z4_student5140,-1,student5140,B2016,Z3/Z4
B2016_Z3/Z4_student1326,3,student1326,B2016,Z3/Z4
B2016_Z3/Z4_student5154,6,student5154,B2016,Z3/Z4
B2016_Z3/Z4_student3900,6,student3900,B2016,Z3/Z4
B2016_Z3/Z4_student8100,20,student8100,B2016,Z3/Z4
B2016_Z3/Z4_student7540,32,student7540,B2016,Z3/Z4
B2016_Z3/Z4_student7597,6,student7597,B2016,Z3/Z4
B2016_Z3/Z4_student8854,6,student8854,B2016,Z3/Z4
B2016_Z3/Z4_student8317,6,student8317,B2016,Z3/Z4
B2016_Z3/Z4_student2148,6,student2148,B2016,Z3/Z4
B2016_Z3/Z4_student2160,33,student2160,B2016,Z3/Z4
B2016_Z3/Z4_student2821,3,student2821,B2016,Z3/Z4
B2016_Z3/Z4_student5800,6,student5800,B2016,Z3/Z4
B2016_Z3/Z4_student4471,6,student4471,B2016,Z3/Z4
B2016_Z3/Z4_student7193,-1,student7193,B2016,Z3/Z4
B2016_Z3/Z4_student2941,3,student2941,B2016,Z3/Z4
B2016_Z3/Z4_student8288,3,student8288,B2016,Z3/Z4
B2016_Z3/Z4_student7346,6,student7346,B2016,Z3/Z4
B2016_Z3/Z4_student1938,30,student1938,B2016,Z3/Z4
B2016_Z3/Z4_student5592,21,student5592,B2016,Z3/Z4
B2016_Z3/Z4_student4659,6,student4659,B2016,Z3/Z4
B2016_Z3/Z4_student3485,3,student3485,B2016,Z3/Z4
B2016_Z3/Z4_student6516,6,student6516,B2016,Z3/Z4
B2016_Z3/Z4_student4473,6,student4473,B2016,Z3/Z4
B2016_Z3/Z4_student3320,3,student3320,B2016,Z3/Z4
B2016_Z3/Z4_student1494,3,student1494,B2016,Z3/Z4
B2016_Z3/Z4_student8329,6,student8329,B2016,Z3/Z4
B2016_Z3/Z4_student6462,-1,student6462,B2016,Z3/Z4
B2016_Z3/Z4_student8665,6,student8665,B2016,Z3/Z4
B2016_Z3/Z4_student1132,6,student1132,B2016,Z3/Z4
B2016_Z3/Z4_student3719,3,student3719,B2016,Z3/Z4
B2016_Z3/Z4_student5397,6,student5397,B2016,Z3/Z4
B2016_Z3/Z4_student1324,6,student1324,B2016,Z3/Z4
B2016_Z3/Z4_student7755,3,student7755,B2016,Z3/Z4
B2016_Z3/Z4_student5624,3,student5624,B2016,Z3/Z4
B2016_Z3/Z4_student1522,3,student1522,B2016,Z3/Z4
B2016_Z3/Z4_student5744,3,student5744,B2016,Z3/Z4
B2016_Z3/Z4_student9624,6,student9624,B2016,Z3/Z4
B2016_Z3/Z4_student2956,6,student2956,B2016,Z3/Z4
B2016_Z3/Z4_student2567,33,student2567,B2016,Z3/Z4
B2016_Z3/Z4_student9340,3,student9340,B2016,Z3/Z4
B2016_Z3/Z4_student7386,6,student7386,B2016,Z3/Z4
B2016_Z3/Z4_student7392,6,student7392,B2016,Z3/Z4
B2016_Z3/Z4_student8089,6,student8089,B2016,Z3/Z4
B2016_Z3/Z4_student8923,6,student8923,B2016,Z3/Z4
B2016_Z3/Z4_student4682,6,student4682,B2016,Z3/Z4
B2016_Z3/Z4_student2230,6,student2230,B2016,Z3/Z4
B2016_Z3/Z4_student2967,6,student2967,B2016,Z3/Z4
B2016_Z3/Z4_student7823,3,student7823,B2016,Z3/Z4
B2016_Z3/Z4_student7162,6,student7162,B2016,Z3/Z4
B2016_Z3/Z4_student9601,3,student9601,B2016,Z3/Z4
B2016_Z3/Z4_student7980,3,student7980,B2016,Z3/Z4
B2016_Z3/Z4_student1329,6,student1329,B2016,Z3/Z4
B2016_Z3/Z4_student3258,6,student3258,B2016,Z3/Z4
B2016_Z3/Z4_student8319,3,student8319,B2016,Z3/Z4
B2016_Z3/Z4_student2634,3,student2634,B2016,Z3/Z4
B2016_Z3/Z4_student6877,3,student6877,B2016,Z3/Z4
B2016_Z3/Z4_student8133,6,student8133,B2016,Z3/Z4
B2016_Z3/Z4_student1671,6,student1671,B2016,Z3/Z4
B2016_Z3/Z4_student5403,21,student5403,B2016,Z3/Z4
B2016_Z3/Z4_student2437,3,student2437,B2016,Z3/Z4
B2016_Z3/Z4_student5358,6,student5358,B2016,Z3/Z4
B2016_Z3/Z4_student6889,32,student6889,B2016,Z3/Z4
B2016_Z3/Z4_student2351,3,student2351,B2016,Z3/Z4
B2016_Z3/Z4_student3715,3,student3715,B2016,Z3/Z4
B2016_Z3/Z4_student9238,6,student9238,B2016,Z3/Z4
B2016_Z3/Z4_student5370,3,student5370,B2016,Z3/Z4
B2016_Z3/Z4_student3701,6,student3701,B2016,Z3/Z4
B2016_Z3/Z4_student6321,6,student6321,B2016,Z3/Z4
B2016_Z3/Z4_student1466,6,student1466,B2016,Z3/Z4
B2016_Z3/Z4_student5172,3,student5172,B2016,Z3/Z4
B2016_Z3/Z4_student2755,3,student2755,B2016,Z3/Z4
B2016_Z3/Z4_student6255,6,student6255,B2016,Z3/Z4
B2016_Z3/Z4_student4495,-1,student4495,B2016,Z3/Z4
B2016_Z3/Z4_student1738,3,student1738,B2016,Z3/Z4
B2016_Z3/Z4_student9358,25,student9358,B2016,Z3/Z4
B2016_Z3/Z4_student5562,6,student5562,B2016,Z3/Z4
B2016_Z3/Z4_student8085,23,student8085,B2016,Z3/Z4
B2016_Z3/Z4_student4124,26,student4124,B2016,Z3/Z4
B2016_Z3/Z4_student5789,6,student5789,B2016,Z3/Z4
B2016_Z3/Z4_student7834,6,student7834,B2016,Z3/Z4
B2016_Z3/Z4_student3313,3,student3313,B2016,Z3/Z4
B2016_Z3/Z4_student9945,3,student9945,B2016,Z3/Z4
B2016_Z3/Z4_student7773,-1,student7773,B2016,Z3/Z4
B2016_Z3/Z4_student1302,29,student1302,B2016,Z3/Z4
B2016_Z3/Z4_student3515,3,student3515,B2016,Z3/Z4
B2016_Z3/Z4_student7001,28,student7001,B2016,Z3/Z4
B2016_Z3/Z4_student5170,3,student5170,B2016,Z3/Z4
B2016_Z3/Z4_student6874,3,student6874,B2016,Z3/Z4
B2016_Z3/Z4_student6109,3,student6109,B2016,Z3/Z4
B2016_Z3/Z4_student3071,6,student3071,B2016,Z3/Z4
B2016_Z3/Z4_student3717,3,student3717,B2016,Z3/Z4
B2016_Z3/Z4_student5366,3,student5366,B2016,Z3/Z4
B2016_Z3/Z4_student8118,6,student8118,B2016,Z3/Z4
B2016_Z3/Z4_student2421,3,student2421,B2016,Z3/Z4
B2016_Z3/Z4_student6121,6,student6121,B2016,Z3/Z4
B2016_Z3/Z4_student4736,6,student4736,B2016,Z3/Z4
B2016_Z3/Z4_student9207,6,student9207,B2016,Z3/Z4
B2016_Z3/Z4_student8119,6,student8119,B2016,Z3/Z4
B2016_Z3/Z4_student3925,1,student3925,B2016,Z3/Z4
B2016_Z3/Z4_student8864,6,student8864,B2016,Z3/Z4
B2016_Z3/Z4_student4253,6,student4253,B2016,Z3/Z4
B2016_Z3/Z4_student1317,6,student1317,B2016,Z3/Z4
B2016_Z3/Z4_student1303,6,student1303,B2016,Z3/Z4
B2016_Z3/Z4_student1465,6,student1465,B2016,Z3/Z4
B2016_Z3/Z4_student5603,3,student5603,B2016,Z3/Z4
B2016_Z3/Z4_student5830,6,student5830,B2016,Z3/Z4
B2016_Z3/Z4_student4290,6,student4290,B2016,Z3/Z4
B2016_Z3/Z4_student8521,6,student8521,B2016,Z3/Z4
B2016_Z3/Z4_student1263,3,student1263,B2016,Z3/Z4
B2016_Z3/Z4_student3306,6,student3306,B2016,Z3/Z4
B2016_Z3/Z4_student4469,6,student4469,B2016,Z3/Z4
B2016_Z3/Z4_student2959,3,student2959,B2016,Z3/Z4
B2016_Z3/Z4_student2965,3,student2965,B2016,Z3/Z4
B2016_Z3/Z4_student2232,3,student2232,B2016,Z3/Z4
B2016_Z3/Z4_student6054,3,student6054,B2016,Z3/Z4
B2016_Z3/Z4_student6040,6,student6040,B2016,Z3/Z4
B2016_Z3/Z4_student7438,6,student7438,B2016,Z3/Z4
B2016_Z3/Z4_student8051,6,student8051,B2016,Z3/Z4
B2016_Z3/Z4_student3841,33,student3841,B2016,Z3/Z4
B2016_Z3/Z4_student9388,3,student9388,B2016,Z3/Z4
B2016_Z3/Z4_student8069,1,student8069,B2016,Z3/Z4
B2016_Z3/Z4_student4647,6,student4647,B2016,Z3/Z4
B2016_Z3/Z4_student3666,3,student3666,B2016,Z3/Z4
B2016_Z3/Z4_student8055,6,student8055,B2016,Z3/Z4
B2016_Z3/Z4_student2949,3,student2949,B2016,Z3/Z4
B2016_Z3/Z4_student6534,6,student6534,B2016,Z3/Z4
B2016_Z3/Z4_student5015,6,student5015,B2016,Z3/Z4
B2016_Z3/Z4_student7616,3,student7616,B2016,Z3/Z4
B2016_Z3/Z4_student4280,3,student4280,B2016,Z3/Z4
B2016_Z3/Z4_student5834,3,student5834,B2016,Z3/Z4
B2016_Z3/Z4_student6332,6,student6332,B2016,Z3/Z4
B2016_Z3/Z4_student1307,21,student1307,B2016,Z3/Z4
B2016_Z3/Z4_student6468,14,student6468,B2016,Z3/Z4
B2016_Z3/Z4_student1313,21,student1313,B2016,Z3/Z4
B2016_Z3/Z4_student9029,6,student9029,B2016,Z3/Z4
B2016_Z3/Z4_student8337,3,student8337,B2016,Z3/Z4
B2016_Z3/Z4_student4082,6,student4082,B2016,Z3/Z4
B2016_Z3/Z4_student8860,6,student8860,B2016,Z3/Z4
B2016_Z3/Z4_student6656,3,student6656,B2016,Z3/Z4
B2016_Z3/Z4_student1110,6,student1110,B2016,Z3/Z4
B2016_Z3/Z4_student1845,3,student1845,B2016,Z3/Z4
B2016_Z3/Z4_student8444,6,student8444,B2016,Z3/Z4
B2016_Z3/Z4_student2155,22,student2155,B2016,Z3/Z4
B2016_Z3/Z4_student8524,1,student8524,B2016,Z3/Z4
B2016_Z3/Z4_student1266,3,student1266,B2016,Z3/Z4
B2016_Z3/Z4_student7165,6,student7165,B2016,Z3/Z4
B2016_Z3/Z4_student8518,6,student8518,B2016,Z3/Z4
B2016_Z3/Z4_student9160,-1,student9160,B2016,Z3/Z4
B2016_Z3/Z4_student9821,6,student9821,B2016,Z3/Z4
B2016_Z3/Z4_student8295,3,student8295,B2016,Z3/Z4
B2016_Z3/Z4_student7830,3,student7830,B2016,Z3/Z4
B2016_Z3/Z4_student3673,6,student3673,B2016,Z3/Z4
B2016_Z3/Z4_student9438,3,student9438,B2016,Z3/Z4
B2016_Z3/Z4_student4108,25,student4108,B2016,Z3/Z4
B2016_Z3/Z4_student7429,6,student7429,B2016,Z3/Z4
B2016_Z3/Z4_student6723,6,student6723,B2016,Z3/Z4
B2016_Z3/Z4_student2586,31,student2586,B2016,Z3/Z4
B2016_Z3/Z4_student3856,3,student3856,B2016,Z3/Z4
B2016_Z3/Z4_student4863,6,student4863,B2016,Z3/Z4
B2016_Z3/Z4_student2553,6,student2553,B2016,Z3/Z4
B2016_Z3/Z4_student6053,3,student6053,B2016,Z3/Z4
B2016_Z3/Z4_student4888,3,student4888,B2016,Z3/Z4
B2016_Z3/Z4_student2221,14,student2221,B2016,Z3/Z4
B2016_Z3/Z4_student2547,6,student2547,B2016,Z3/Z4
B2016_Z3/Z4_student8724,6,student8724,B2016,Z3/Z4
B2016_Z3/Z4_student1066,6,student1066,B2016,Z3/Z4
B2016_Z3/Z4_student3671,6,student3671,B2016,Z3/Z4
B2016_Z3/Z4_student5957,3,student5957,B2016,Z3/Z4
B2016_Z3/Z4_student9823,-1,student9823,B2016,Z3/Z4
B2016_Z3/Z4_student3329,6,student3329,B2016,Z3/Z4
B2016_Z3/Z4_student4320,21,student4320,B2016,Z3/Z4
B2016_Z3/Z4_student1502,3,student1502,B2016,Z3/Z4
B2016_Z3/Z4_student3315,3,student3315,B2016,Z3/Z4
B2016_Z3/Z4_student8532,6,student8532,B2016,Z3/Z4
B2016_Z3/Z4_student5770,6,student5770,B2016,Z3/Z4
B2016_Z3/Z4_student3301,3,student3301,B2016,Z3/Z4
B2016_Z3/Z4_student7985,3,student7985,B2016,Z3/Z4
B2016_Z3/Z4_student4526,6,student4526,B2016,Z3/Z4
B2016_Z3/Z4_student2157,3,student2157,B2016,Z3/Z4
B2016_Z3/Z4_student1476,3,student1476,B2016,Z3/Z4
B2016_Z3/Z4_student5162,6,student5162,B2016,Z3/Z4
B2016_Z3/Z4_student4095,20,student4095,B2016,Z3/Z4
B2016_Z3/Z4_student8863,3,student8863,B2016,Z3/Z4
B2016_Z3/Z4_student4903,6,student4903,B2016,Z3/Z4
B2016_Z3/Z4_student5412,3,student5412,B2016,Z3/Z4
B2016_Z3/Z4_student3711,6,student3711,B2016,Z3/Z4
B2016_Z3/Z4_student5413,20,student5413,B2016,Z3/Z4
B2016_Z3/Z4_student4043,6,student4043,B2016,Z3/Z4
B2016_Z3/Z4_student2340,1,student2340,B2016,Z3/Z4
B2016_Z3/Z4_student1649,6,student1649,B2016,Z3/Z4
B2016_Z3/Z4_student1891,3,student1891,B2016,Z3/Z4
B2016_Z3/Z4_student7589,6,student7589,B2016,Z3/Z4
B2016_Z3/Z4_student7774,6,student7774,B2016,Z3/Z4
B2016_Z3/Z4_student1477,3,student1477,B2016,Z3/Z4
B2016_Z3/Z4_student2142,6,student2142,B2016,Z3/Z4
B2016_Z3/Z4_student4296,6,student4296,B2016,Z3/Z4
B2016_Z3/Z4_student5771,1,student5771,B2016,Z3/Z4
B2016_Z3/Z4_student5573,3,student5573,B2016,Z3/Z4
B2016_Z3/Z4_student8043,3,student8043,B2016,Z3/Z4
B2016_Z3/Z4_student3116,3,student3116,B2016,Z3/Z4
B2016_Z3/Z4_student6720,6,student6720,B2016,Z3/Z4
B2016_Z3/Z4_student2234,6,student2234,B2016,Z3/Z4
B2016_Z3/Z4_student6913,6,student6913,B2016,Z3/Z4
B2016_Z3/Z4_student2585,3,student2585,B2016,Z3/Z4
B2016_Z3/Z4_student6790,3,student6790,B2016,Z3/Z4
B2016_Z3/Z4_student3171,6,student3171,B2016,Z3/Z4
B2016_Z3/Z4_student1772,6,student1772,B2016,Z3/Z4
B2016_Z3/Z4_student2247,6,student2247,B2016,Z3/Z4
B2016_Z3/Z4_student4150,3,student4150,B2016,Z3/Z4
B2016_Z3/Z4_student7868,3,student7868,B2016,Z3/Z4
B2016_Z3/Z4_student2086,3,student2086,B2016,Z3/Z4
B2016_Z3/Z4_student1202,32,student1202,B2016,Z3/Z4
B2016_Z3/Z4_student8540,6,student8540,B2016,Z3/Z4
B2016_Z3/Z4_student9676,6,student9676,B2016,Z3/Z4
B2016_Z3/Z4_student9931,3,student9931,B2016,Z3/Z4
B2016_Z3/Z4_student6419,21,student6419,B2016,Z3/Z4
B2016_Z3/Z4_student7713,3,student7713,B2016,Z3/Z4
B2016_Z3/Z4_student4554,6,student4554,B2016,Z3/Z4
